{
  "project_info": {
    "project_number": "103940905889",
    "project_id": "twitterish-9acea",
    "storage_bucket": "twitterish-9acea.appspot.com"
  },
  "client": [
    {
      "client_info": {
        "mobilesdk_app_id": "1:103940905889:android:dbab70a5caf29ea70309e0",
        "android_client_info": {
          "package_name": "com.example.twitterish"
        }
      },
      "oauth_client": [
        {
          "client_id": "103940905889-g928lot4jnvklq1oeeibmqcl0m64o60p.apps.googleusercontent.com",
          "client_type": 1,
          "android_info": {
            "package_name": "com.example.twitterish",
            "certificate_hash": "4dfb8d2e2e9ed90ab6d186d81bc5329d87cb28b4"
          }
        },
        {
          "client_id": "103940905889-nj45t20970k2bpe3cvlre80fcoc4pk9d.apps.googleusercontent.com",
          "client_type": 1,
          "android_info": {
            "package_name": "com.example.twitterish",
            "certificate_hash": "9ae0f2f4a4f3f88b6d3e76b48393fe12a4ac5e93"
          }
        },
        {
          "client_id": "103940905889-5vgdp8f7r5lardb7tfqebop72e018bk5.apps.googleusercontent.com",
          "client_type": 3
        }
      ],
      "api_key": [
        {
          "current_key": "AIzaSyCTEoRjQi7APQ3JxKsZl0ZAtdlCPJsGxJY"
        }
      ],
      "services": {
        "appinvite_service": {
          "other_platform_oauth_client": [
            {
              "client_id": "103940905889-5vgdp8f7r5lardb7tfqebop72e018bk5.apps.googleusercontent.com",
              "client_type": 3
            }
          ]
        }
      }
    }
  ],
  "configuration_version": "1"
}